2025-10-05_16-28-37,None,draft.py:2025-10-05_16-28-37
<<<<<<< Updated upstream
=======
<<<<<<< HEAD
=======
>>>>>>> Stashed changes
2025-10-05_17-10-53,None,draft.py:2025-10-05_17-10-53
2025-10-05_17-51-23,None,draft.py:2025-10-05_17-51-23
2025-10-05_17-51-23,None,draft.py:2025-10-05_17-51-23
2025-10-05_17-54-03,None,draft.py:2025-10-05_17-54-03
2025-10-05_18-12-01,None,draft.py:2025-10-05_18-12-01
2025-10-05_18-12-02,None,draft.py:2025-10-05_18-12-01
2025-10-05_18-15-57,None,draft.py:2025-10-05_18-15-57
2025-10-05_18-17-02,None,draft.py:2025-10-05_18-15-57
2025-10-05_18-19-14,None,draft.py:2025-10-05_18-15-57
2025-10-05_18-20-02,None,draft.py:2025-10-05_18-20-02
2025-10-05_18-24-18,None,draft.py:2025-10-05_18-24-18
2025-10-05_18-24-59,None,draft.py:2025-10-05_18-24-59
2025-10-05_18-25-50,None,draft.py:2025-10-05_18-25-50
2025-10-05_18-27-13,None,draft.py:2025-10-05_18-27-13
2025-10-05_18-27-59,None,draft.py:2025-10-05_18-27-13
2025-10-05_18-28-35,None,draft.py:2025-10-05_18-27-13
2025-10-05_18-30-41,None,draft.py:2025-10-05_18-30-41
2025-10-05_18-35-44,None,draft.py:2025-10-05_18-35-44
2025-10-05_18-37-31,None,draft.py:2025-10-05_18-37-31
2025-10-05_18-42-57,None,draft.py:2025-10-05_18-42-57
2025-10-05_19-02-36,None,draft.py:2025-10-05_19-02-36
<<<<<<< Updated upstream
=======
>>>>>>> 72c2e04 (atividade 'calculadora')
>>>>>>> Stashed changes
